{"dim1": [5120, 3840], "dim2": [5120, 3840], "dim3": [5120, 3840], "K": [[4343.51236383236, 0.0, 2615.5325179648867], [0.0, 4298.358187699145, 1937.590800308803], [0.0, 0.0, 1.0]], "D": [[-0.25398649439229437], [0.6179952664535349], [-1.9742794207576748], [2.159239109112182]], "new_K": [[3436.4052978095924, 0.0, 2627.733952796828], [0.0, 3400.6812024036567, 1938.6228610112332], [0.0, 0.0, 1.0]], "scaled_K": [[4343.51236383236, 0.0, 2615.5325179648867], [0.0, 4298.358187699145, 1937.590800308803], [0.0, 0.0, 1.0]], "balance": 1}